{"Alabama":{"QoL":37.00705882352942},"Alaska":{"QoL":41.72549019607843},"Arizona":{"QoL":32.93333333333334},"Arkansas":{"QoL":31.778823529411767},"California":{"QoL":45.24392156862745},"Colorado":{"QoL":64.42666666666666},"Connecticut":{"QoL":59.819607843137256},"Delaware":{"QoL":50.38117647058824},"Florida":{"QoL":42.02352941176471},"Georgia":{"QoL":35.65176470588236},"Hawaii":{"QoL":62.111372549019606},"Idaho":{"QoL":59.703529411764706},"Illinois":{"QoL":52.68549019607844},"Indiana":{"QoL":42.99607843137255},"Iowa":{"QoL":64.13176470588236},"Kansas":{"QoL":47.35529411764706},"Kentucky":{"QoL":34.54117647058823},"Louisiana":{"QoL":26.856470588235297},"Maine":{"QoL":58.81882352941176},"Maryland":{"QoL":65.56549019607843},"Massachusetts":{"QoL":61.381960784313726},"Michigan":{"QoL":40.79529411764706},"Minnesota":{"QoL":71.93411764705881},"Mississippi":{"QoL":27.684705882352944},"Missouri":{"QoL":42.70901960784314},"Montana":{"QoL":51.11058823529412},"Nebraska":{"QoL":60.64627450980393},"Nevada":{"QoL":29.984313725490196},"New Hampshire":{"QoL":75.95764705882354},"New Jersey":{"QoL":66.73098039215687},"New Mexico":{"QoL":24.24},"New York":{"QoL":50.65725490196079},"North Carolina":{"QoL":33.35372549019608},"North Dakota":{"QoL":60.97098039215686},"Ohio":{"QoL":43.140392156862745},"Oklahoma":{"QoL":36.20392156862745},"Oregon":{"QoL":54.089411764705886},"Pennsylvania":{"QoL":49.20156862745098},"Rhode Island":{"QoL":52.20235294117647},"South Carolina":{"QoL":31.096470588235295},"South Dakota":{"QoL":46.644705882352945},"Tennessee":{"QoL":35.695686274509804},"Texas":{"QoL":38.75137254901961},"Utah":{"QoL":73.35529411764706},"Vermont":{"QoL":73.62823529411766},"Virginia":{"QoL":69.76627450980394},"Washington":{"QoL":61.65490196078432},"West Virginia":{"QoL":31.68784313725491},"Wisconsin":{"QoL":56.90196078431373},"Wyoming":{"QoL":60.88941176470588},"District of Columbia":{"QoL":35.21568627450981}}