{"Alabama":{"QoL":40.489411764705885},"Alaska":{"QoL":50.62901960784314},"Arizona":{"QoL":34.90039215686274},"Arkansas":{"QoL":40.98352941176471},"California":{"QoL":36.77333333333333},"Colorado":{"QoL":56.17254901960784},"Connecticut":{"QoL":60.12078431372549},"Delaware":{"QoL":57.374117647058824},"Florida":{"QoL":36.39529411764706},"Georgia":{"QoL":33.80705882352942},"Hawaii":{"QoL":64.84078431372549},"Idaho":{"QoL":59.58117647058823},"Illinois":{"QoL":40.99607843137256},"Indiana":{"QoL":39.3443137254902},"Iowa":{"QoL":59.28470588235294},"Kansas":{"QoL":52.371764705882356},"Kentucky":{"QoL":41.77882352941177},"Louisiana":{"QoL":33.11529411764706},"Maine":{"QoL":64.83294117647058},"Maryland":{"QoL":55.4478431372549},"Massachusetts":{"QoL":55.461960784313725},"Michigan":{"QoL":35.712941176470586},"Minnesota":{"QoL":63.27529411764706},"Mississippi":{"QoL":39.694117647058825},"Missouri":{"QoL":40.996078431372545},"Montana":{"QoL":57.152941176470584},"Nebraska":{"QoL":58.18039215686275},"Nevada":{"QoL":36.374901960784314},"New Hampshire":{"QoL":74.02823529411765},"New Jersey":{"QoL":53.2156862745098},"New Mexico":{"QoL":39.120000000000005},"New York":{"QoL":45.03843137254902},"North Carolina":{"QoL":32.45960784313725},"North Dakota":{"QoL":65.17803921568628},"Ohio":{"QoL":38.02039215686275},"Oklahoma":{"QoL":43.01803921568627},"Oregon":{"QoL":55.75529411764706},"Pennsylvania":{"QoL":40.79686274509804},"Rhode Island":{"QoL":59.64705882352941},"South Carolina":{"QoL":33.60941176470588},"South Dakota":{"QoL":53.17647058823529},"Tennessee":{"QoL":32.034509803921566},"Texas":{"QoL":34.05490196078431},"Utah":{"QoL":67.08705882352942},"Vermont":{"QoL":75.49176470588236},"Virginia":{"QoL":57.18274509803922},"Washington":{"QoL":51.92313725490197},"West Virginia":{"QoL":46.1443137254902},"Wisconsin":{"QoL":50.520784313725486},"Wyoming":{"QoL":64.64470588235294},"District of Columbia":{"QoL":33.80392156862745}}